row_1,row_2,row_3,row_4,row_5,row_6,row_7,row_8,row_9,row_10,row_11,row_12,row_13,row_14,row_15,row_16
0,2,4,6,8,10,12,14,16,18,20,22,24,26,28,30
32,34,36,38,40,42,44,46,48,50,52,54,56,58,60,61
63,65,67,69,71,73,75,77,79,81,83,85,87,89,91,92
94,96,98,100,102,104,106,108,110,112,114,116,118,120,122,123
125,127,129,131,133,135,137,139,141,143,145,147,149,151,153,154
156,158,160,162,164,166,168,170,172,174,176,178,180,182,184,185
187,189,191,193,195,197,199,201,203,205,207,209,211,213,215,216
218,220,222,224,226,228,230,232,234,236,238,240,242,244,246,247
249,251,253,255,257,259,261,263,265,267,269,271,273,275,277,278
280,282,284,286,288,290,292,294,296,298,300,302,304,306,308,309
