col_1,col_2,col_3,col_4,col_5,col_6,col_7,col_8,col_9,col_10,col_11
1,31,62,93,124,155,186,217,248,279,310
3,33,64,95,126,157,188,219,250,281,311
5,35,66,97,128,159,190,221,252,283,312
7,37,68,99,130,161,192,223,254,285,313
9,39,70,101,132,163,194,225,256,287,314
11,41,72,103,134,165,196,227,258,289,315
13,43,74,105,136,167,198,229,260,291,316
15,45,76,107,138,169,200,231,262,293,317
17,47,78,109,140,171,202,233,264,295,318
19,49,80,111,142,173,204,235,266,297,319
21,51,82,113,144,175,206,237,268,299,320
23,53,84,115,146,177,208,239,270,301,321
25,55,86,117,148,179,210,241,272,303,322
27,57,88,119,150,181,212,243,274,305,323
29,59,90,121,152,183,214,245,276,307,324
